慧學,1
二邊,5
空三昧,1
行香,7
無貪,5
宗義,1
五百世,1
二道,5
鹿,9
犍,12
行住坐臥,1
遮難,11
無足,1
觀法,1
外塵,2
多生,3
祇夜,1
身業,3
依止師,1
活,21
三佛陀,1
色空外道,1
內衣,12
施惠,1
依他,4
多瞋,1
五緣,61
供具,5
身根,1
塵沙,4
阿摩,2
六趣,3
肉身,1
惡趣,2
起行,3
十業,1
五結,2
塵欲,1
天上,3
娑羅王,1
天人,8
慧心,1
熱惱,2
思惟,17
惡說,6
機,16
僧戒,5
業有,3
五穀,2
惡語,2
二門,1
五篇,11
僧伽跋摩,2
拔苦與樂,1
戒門,1
無記,22
二障,1
沙彌戒經,1
二離,2
六行,4
十法,2
福行,2
八聖,2
因,244
阿耨達,1
無諍,1
校量,1
誓言,1
般泥洹經,1
深法,3
世福,1
道者,15
觀樹,1
滿荼邏,1
惡觸,19
伽胝,1
六親,4
惡見,6
外凡,3
五相,2
六處,2
智慧念佛,1
無著,2
二食,11
道要,2
外儀,1
我倒,5
有一人,4
四儀,2
道觀,1
頂禮,2
小行,5
身戒,5
戒體,20
道行,40
真實,16
五眾,55
十指,2
行道,21
不共相,1
愛道,6
欲界繫,1
結解,1
漸斷,1
戒香,1
一切經,1
十惡,4
無餘涅槃,1
真如,1
頭面作禮,2
多羅,16
懈怠,10
世界,7
五生,5
起者,6
空無,7
通受,1
大事,5
悲心,5
不與取,2
大羅漢,1
羯磨僧,3
大乘,23
古德,2
象鼻,2
弗婆提,1
僧殘,106
淨巾,1
難行,1
長世,2
僧次,40
通利,3
式叉迦羅尼,1
至教,1
明相,75
六聚,21
百一眾具,1
別請,37
慧命,5
吒,3
壽命,6
十方,33
聲聞,17
急施衣,3
阿梨,1
八解,1
娑羅,1
誑,15
行陰,1
尊者,5
空界,3
增戒學,1
懺悔,80
十教,1
誦律,11
行解,3
僧相,5
伽藍,40
八難,6
五滓,1
大利,3
單,69
五百年,1
二聖,2
小遠,1
天子,3
何耶,2
頭陀行,1
施物,11
物機,1
一切智,1
五逆罪,2
僧眾,8
檀越,74
世法,6
天堂,1
二苦,1
大僧,43
死苦,4
五法,19
神我,2
神我外道,1
天壽,5
愛護,4
八門,3
譬喻經,1
無分別智,3
希法,2
大嚫,2
手輪,1
行足,1
明法,4
僧物,61
誓願,1
五樂,1
八波羅夷,1
運心,2
結集,4
無餘,9
品,119
惡鬼,2
跋闍,1
大地,7
五欲,7
覺,53
具戒,24
真儀,1
已還,10
三上座,1
五條,16
安息,1
空法,1
布薩日,5
我人,3
宗極,1
八正道,1
五根,1
樓,7
自恣日,1
迦,45
八遮,1
影,14
領納,3
八重,4
意,314
白和,8
毘尼藏,2
僧伽梨,41
塵,59
二百五十戒,3
百日,1
五更,2
阿羅,9
二衣,20
彈指,9
六難,1
二行,3
五時,2
肥膩,1
提舍那,2
五果,2
二見,2
大寶,1
大寺,1
根性,1
惡露,1
道風,1
小食,7
八齋,4
明慧,1
行者,66
講經,1
打靜,12
大士,2
四部律,1
集智,1
無際,1
長夜,7
假,45
往還衣,1
大姊,4
五百問,84
不可得,11
二護,4
集會,5
戒行,18
二識,2
調伏法,2
至真,6
玄門,1
香,97
羅剎女,1
邪命說法,1
無遮,6
安樂,13
大師,4
拔濟,6
大德,254
內院,1
戒身,1
供佛,3
根,197
五指,3
身相,10
五持,1
轉輪高座,1
空有,2
無量,41
戒足,2
二身,3
惡道,22
夏中,17
六道,3
中含,13
絕大,1
福道,2
楊枝,8
指印,1
僧秉,1
二輪,2
央掘,2
五意,1
說罪,9
五度,1
量果,1
天樂,1
衰,10
金翅鳥,2
五師,2
大戒,14
大我,1
破正命,1
平等,15
齋食,1
上草,1
五德,43
五律,1
空定,1
五心,5
生色,3
剃髮,18
根境,1
神力,1
大悲,2
觀作,1
薩婆多部,1
戀著,2
世尊,22
越毘尼,8
說經,1
剃頭,2
論疏,7
恭敬經,1
大意,4
外空,1
鴿,2
空大,1
大慈,2
白月,2
藥師,1
十仙,1
深信,2
無言,2
體,168
一搩手,8
惡行,9
五寶,1
不還,20
幻法,1
大會,5
十住,11
善處,4
入王宮聚落衣,1
不退,3
長日,1
說示,2
最勝人,1
明師,2
五塵,2
現身,5
陶家輪,1
女色,1
仰,27
非色非心,2
依止,78
明得,2
三時教,2
明心,6
五大,15
瘡,18
體法,1
最勝,3
爪淨,1
大樹,1
白毫,1
通夜,3
漉水袋,5
僧俗,2
實有,5
幻惑,1
安忍,1
羯磨疏,2
長者子,1
白檀,1
觀,118
僧伽,64
灌頂,1
安居,140
樓至佛,1
夏竟,6
五味,1
非時食戒,1
五善,1
世善,3
仙,7
羯磨阿闍梨,2
量,262
五力,1
石蜜,11
觀察正行,1
慧眼,2
尋,27
五分,282
外用,1
取相,1
資生,1
眼,61
五受,8
依怙,1
二無我,2
誦經,30
法供養,2
報身,2
大法,3
幻有,1
邪道,1
鼠,10
外相,22
兔,1
夏,158
落髮,2
大海,6
白法,4
師資,6
身子,2
紫金,1
聖眾,4
世人,8
引聲,1
天竺,5
施化,1
體空,1
世俗,4
祇樹,2
五戒法,1
知浮法,1
僧坊,23
三千大千世界,1
長物,5
五住,2
深妙,2
佛滅度,2
劫,24
觀心,1
九道,1
念言,4
施僧,29
天祠,1
天神,3
十戒,30
賓頭,3
十夜,1
說法,98
可觀,5
阿含,13
四姓,2
我法,7
墳,1
說欲,26
身心,18
渴愛,1
正量部,5
四事供養,3
十師,3
至心,1
外法,2
僧可,3
大眾,38
佛藏經,1
四種色,1
香為佛使,1
貪,96
闍王,1
明了,73
近住,1
十對,1
百喻經,1
觀察,5
僧祇戒本,1
大疏,4
夏末,3
壞色,16
並起,2
塵境,2
真教,1
稽首,1
大界,66
我想,1
十力,1
十劫,1
端坐,3
現通,1
身受,4
大種,1
十利,12
塵垢,1
見,607
指,107
惑,14
僧徒,8
我慢,2
天王,3
端嚴,1
尸迦羅越六方禮經,1
身入,1
通教,1
看病,39
我所,16
僧尼,25
不輕,7
深入,1
砂,6
一切智藏,1
輪燈,1
波利迦羅,3
慧思,1
阿蘭若,4
按摩,4
十六,66
夜摩,21
不覺,14
不見,31
周羅,1
深坑,2
念著,1
慢使,1
量等,3
僧寶,2
天眼,6
身器,1
思大,1
僧家,9
說戒,164
大集經,2
別時意,1
取果,1
十地,1
親緣,1
萬行,2
通戒,1
晨朝,1
祇支,13
體用,1
十名,1
慧日,1
蓮華,5
如說,12
十善,7
大綱,3
不請,12
身命,6
八十四法,1
講堂,5
我有,2
摩得勒伽,3
說戒師,5
逆順,1
摩夷,4
教,443
向上,5
羅剎,4
跋難陀,1
識界,1
常住二字,1
見至,1
陰界,2
妙法,2
睒彌,1
圓輪,1
敷具,8
五綵幡,1
請賓頭盧,1
下眾,2
種智,2
惡言,4
見聞,37
見者,16
歸依僧,7
依,454
持淨,5
梵行,24
菩提,5
駱駝坐,1
華,94
性戒,6
見處,3
摩尼,1
未受具人,6
瓶,43
方相,11
冥,9
業道,7
付法藏傳,1
佛生日,3
睡,40
幻,7
辯才,1
地了,1
地人,3
性惡,1
去來今,1
地上,7
加行,3
地中,6
慧觀,1
惡眾生,2
污家,18
疑,161
滅後,7
互用罪,1
知法,19
菩薩行,2
槃陀,3
婆羅,5
振鈴,1
見論,2
善法罵,1
合十,3
緣,745
如法治,11
知淨,8
唄讚,2
滅度,10
施無厭,1
再請,1
優婆塞戒,2
忍,175
繫著,2
正業,5
捨戒,14
乞食十利,1
對機,1
白佛,6
僧祇支,9
狐,2
力者,5
雲集,3
方等,5
見行,2
迦毘羅,1
持戒,82
白四羯磨,3
堪忍,1
禪齋,1
毛孔,1
震旦,1
十方世界,1
駱駝山,1
下種,1
火淨,24
論議,1
意樂,1
自覺,1
香華,8
眾生心,1
樓至,1
遠離,13
教勅,4
隨自,1
火珠,1
息心,3
性相,1
火爐,1
財供養,1
心念法,10
佉闍尼,4
憐愍,3
使,277
上衣,8
住持三寶,1
觀想,1
消滅,2
釋侶,1
兜率,3
方所,1
十,1335
學人,4
唄,18
富那奇,1
優填王,1
見道,1
若那,1
流沙,1
上足,2
流注,1
婆提,3
業苦,1
舍利弗問經,1
第一義,1
心念口言,7
尼薩耆,8
中實,1
解脫戒,1
懺,303
億,14
問訊,19
廣說,19
乳糜,1
中天,1
悅眾,4
綱維,5
捨羅,1
先世,1
蒲闍尼,2
樂果,1
餘習,3
伺,4
第一義諦,1
解了,1
中因,1
盡壽藥,1
性罪,2
地內,1
上肩,2
波斯,1
所作,21
無因果外道,1
事識,4
三障,2
蘇油,2
禪行,1
梵難,7
小妄語戒,1
中品,12
受食,53
竹葦,1
事觀,1
梵音,2
結賊,1
衢,3
持犯,33
我,509
婆沙,15
彼岸,1
地前,1
歸依佛,10
露地坐,1
房,212
廢立,7
鍵,7
梵釋,1
貪著,11
叉手,1
鬼子母,1
性空,1
專心,4
業行,2
七滅諍,3
兜羅,2
迴向,2
誦,570
前安居,9
吉羅,258
說四依,1
十二部經,1
龕,1
慳貪,4
劫初,1
同行,6
下品,20
能行者,1
正法律,2
悟道,2
闥婆,1
徒眾,9
意業,3
等觀,1
遠離處,1
佛藏,7
高僧傳,1
作佛,9
滅相,1
驅烏沙彌,1
鏡,11
應護,1
四戒,8
唯識無境,1
多陀阿伽度,1
條衣,3
滅理,1
父,76
骨人,1
九十六種外道,2
娑,1
解界,12
壽者,2
歌唄,1
發願,4
羅睺,2
驅烏,1
飲食,30
料簡,23
覆肩衣,5
無常院,1
直說,3
淨住,2
非天,1
到岸,1
等身,1
烏,6
中根,2
懺儀,7
貫華,1
樂天,2
摩耶經,2
對治,12
轉欲,1
應身,1
自在,14
正法念經,1
應法,11
中有,80
寶華,2
愛,55
平等心,1
己利,1
味著,1
波羅夜質胝柯,1
要道,2
清淨,155
無作色,2
珂貝,1
意成,1
許可,5
知事,31
橫,11
皮衣,6
佛身,7
所緣,3
發露,45
聲,86
大千,1
田衣,1
發遣,1
曇,12
甘蔗,9
先生,1
故二,4
飲酒,9
阿梨耶,1
六和敬,1
三十捨墮,3
無所著,1
禿人,1
佛見,1
瞋毒,1
書寫,1
波利,7
德海,1
四恩,1
佛語,12
中悔,6
會得,1
自餓外道,1
佛說,8
羅網,2
合用,1
冥諦,1
迴施,3
學,238
寶藏,8
塚間坐,1
佛讚,5
會座,1
塵網,1
僧祇律,7
厭,35
造塔,2
要言,1
捨墮,57
先業,1
米,49
發起,3
仁王經,1
常住僧物,1
赤色,2
清白,2
所有,18
污戒,1
要行,3
要術,2
佛陀,1
性善,1
餘念,2
角,95
吉利,2
婆,189
便利,4
定共戒,1
鉤紐,3
牛車,1
究竟位,1
地種,1
滅擯,33
鬼神,19
布施,25
佛道,9
微塵,2
污染,5
觸食,3
地結,1
性分,2
震嶺,2
難陀,1
持律,25
德生,1
性具,1
供養第一,1
剎利,4
傀儡子,1
德瓶,1
墮在,3
禪法,2
捨心,10
性得,1
雜緣,1
等至,1
眾生根,1
造像,7
門首,3
合掌,38
板,4
陵伽,3
火大,1
性,79
地獄,39
六齋日,1
約,115
凡聖,11
赤衣,1
樹下坐,1
滅法,7
境,209
百一物,8
道門,2
羅漢,37
觸境,1
寶雲,1
地界,1
寶階,1
學悔,11
第五大,1
印可,1
持名,1
事,881
種子,5
甘露,1
繫,39
持地,1
方便,129
捨,444
食前,11
必定,5
無上菩提,1
歸依法,7
海,29
三點,2
善親友,1
攝衣界,5
沓婆,1
在家,20
在俗,7
佛教,15
轉輪王,1
上士,2
月燈三昧,1
意解,1
佛日,2
摩頭,1
意見,1
佛智,1
意言,3
四無色,1
凡福,2
闇室,1
意識,1
梵住,1
白四,22
佛果,1
鉤,21
佛性,3
中論,1
不如法,14
廣大,5
互跪,38
勤,25
乞食,55
業受,3
末利,1
曇摩,1
佛戒,4
八部,2
三寶物,15
大品,2
羅門,4
我事,1
所量,2
轉變,5
上座,203
鬼,39
地水火風空識,1
著心,2
中觀,1
仰食,1
德護,1
寶所,3
南無,3
任運,5
佛法,140
佛海,1
化制二教,1
竹園,1
等慈,1
禪室,1
禪定,8
無作戒,3
專行,2
石女,2
佛滅,3
門標,1
莊嚴,21
驅龍,1
諸欲,1
德行,8
極地,1
等持,1
弘法,1
無常磬,1
宿煮,8
留難,7
蛇,19
微密,1
禪師,4
因人,2
應文,1
反抄,4
見佛,8
中草,2
慈,72
空,94
果,196
瞋恚,6
尼寺,17
業報,3
應本,2
意處,3
廣博,1
毛頭,3
師子王,1
先陳,2
佛殿,2
菩薩僧,1
見取,2
沙彌威儀,2
相應心,1
無差別,3
入眾衣,1
諸根,10
希有,2
四無量,1
示導,8
唄匿,2
樂受,1
智,147
降伏,3
見分,1
憍,15
對首,43
白二羯磨,5
邊罪難,1
醍醐,2
堪能,3
梵志,2
明教,1
優婆提舍,1
式叉摩那,3
六聚罪,1
善,573
摩訶,3
布薩,79
有邊,1
力士,1
梵壇,1
八關齋,2
五明,12
思益經,1
細心,1
莊嚴論,1
見地,1
論偈,1
經生,2
在世,16
飛行,1
梵天,3
上供,1
生老病死,1
佛物,13
中食,10
薩偷羅,1
求那跋摩,1
變化,1
上人,4
迦絺那,10
解脫,36
羅,456
中陰,1
導引,1
大比丘,24
清信士,1
香味,5
囑累,2
末代,3
小乘經,2
清信女,2
寶珠,1
油鉢,2
教授阿闍梨,1
佛經,4
末世,1
梵唄,1
眾生說,2
一闡提,1
凡愚,3
十四種色,1
頗,8
見大,2
三供養,1
孝養,1
磬,4
論師,3
凡情,3
馬,38
孝順,3
羅睺羅,1
見得,1
寶相,1
力,100
所詮,1
詐現異相,1
瓦鉢,9
二諦,3
忍辱,1
顯明,1
索欲,14
中道,6
高顯處,2
發戒,19
佛種,5
解行,2
論家,1
三十三天,1
自,1009
地,432
糞除,2
歡喜,23
盆,16
依地,2
色無色天計涅槃外道,1
無,1873
瞿陀尼,1
阿練若,8
出佛身血,3
閻浮,6
會通,3
般若,2
故苦,1
黃葉,1
下間,1
須陀洹,2
凡夫,11
師子座,2
樂修,1
菩薩,29
香湯,8
菩薩戒,1
夫人,2
圓滿,1
護法心,1
言斷,1
野干,1
里,39
發得,8
波逸提,44
事相,6
貪結,1
外緣,4
未離欲,2
知者,15
香案,1
快樂,2
契經,5
般泥洹,1
提舍,16
八萬四,1
阿那律,1
應作,44
應供,3
捨身,3
二種僧,2
等供,5
道體,1
應人,1
禪病,2
寶積經,1
火葬,3
八聖道,2
疥癩野干,1
二種常,1
心精進,1
梵摩,1
阿,109
觀照,1
成就四法,1
持者,14
知足,15
新歲經,1
佛世,7
酒,71
叫喚地獄,1
用心,5
波離,3
佛事,5
圓果,1
業,215
佛使,2
廁孔,1
思,65
宿因,1
佛供,1
梵本,1
師子國,3
無邊,11
五戒,30
閑處,1
墮負,3
應,1089
用大,2
拘盧,11
想,193
蟲,78
喻,21
證明,10
三惡道,8
五法人,1
宿債,1
知見,2
記,50
一由旬,1
二足,3
得,2492
知論,1
緣中,6
響,4
知識,14
見法,4
顛倒,6
坐,364
維那,27
五正食,1
禪經,2
應滅擯,7
生得定,1
黃門,12
論用,1
禪戒,2
舊住,4
業果,1
補處,2
南,48
牒文,1
瞋心,9
事惑,1
寶塔,4
貪欲,5
毘婆沙,4
愛著,2
佛因,3
婆藪,2
明,898
事懺,4
受記,1
佛土,1
法,2597
佛地,3
仁王,1
繫縛,2
使者,3
別解脫戒,1
諍論,1
閻羅,1
業成,1
著法,3
佛像,20
佛光,1
禪杖,1
五正色,1
順生,1
逆流,1
業性,1
緣修,3
食,1172
九十單墮,2
懸香,1
無所得,1
持齋,1
歌聲,1
等得,6
佛印,1
數識,1
害,25
佛化,2
巨磨,2
等心,5
過去佛,1
流轉,1
五八十具,1
禪鎮,3
廣教,1
證法,1
字,59
割縷淨,1
羯磨戒師,1
末流,1
方詣,1
寶像,1
法滅盡經,1
安居竟,15
末法,6
持鉢,14
闇,27
佛德,2
蛾,1
下衣,7
佛塔,25
寶器,1
妨難,9
圓照,1
上方,3
悲華經,1
佛堂,4
腐爛藥,1
歌詠,3
殺,120
佛境,1
極惡,2
理,173
佛奴,1
解,380
佛天,1
力生,2
極成,1
多,811
僧祇,483
信,158
香爐,6
門師,1
七寶塔,2
貪染,3
五慳,1
示現,3
忍土,1
佛子,6
梵王,1
應器,2
失念,1
佛寶,1
佛家,1
非梵行,2
戒取,1
口和,3
惡世,2
戒印,1
惡人,12
魔民,1
不生,28
戒力,2
惡作,3
六位,1
善業,2
六作,4
天識,1
龜,3
二部戒本,1
二入,3
二六,2
二八,1
行堂,1
稠林,1
二加,5
九想,1
無上,4
口四,1
月光,2
二利,1
體解,1
行學,1
真道,1
大聖,6
實,130
賢愚經,4
報恩,11
無住,5
善惡,17
二受,19
無作,57
波羅提木叉,5
波羅提提舍尼,4
長者,19
長老,52
善性,4
攝僧界,2
壞相,4
偽經,3
財施,2
那,87
二和,3
魔梵,2
如是因,4
女情,2
雷,3
實語,4
內供,1
念經,1
二善,1
蘭,177
蓮華色尼,2
俗人,93
威儀,132
共法,1
遮制,1
簡別,1
戒善,3
二因,5
行德,3
愛念,1
眠,49
梵,73
二學,1
戒品,3
大藏,1
梵天法,1
瞻病,12
戒名,3
白蓋,1
纏,16
戒定,4
大論,7
行入,1
八不,12
分別功德論,2
憶持,5
戒學,1
行儀,1
二如,2
隨經律,1
毘尼母論,3
情塵,1
初果,2
外道,75
二女,1
汙,1
中著衣,1
乘,77
器,177
顯露,2
有,2148
建立,9
大衣,26
大車,1
行化,2
供養,132
露地,34
總相,1
白衣,111
戒壇,3
威德,1
戒場,52
別依,1
善根,13
長衣,41
重翻,1
二字,2
華嚴經,1
戒德,9
大身,1
戒律,15
戒心,4
結使,3
觀佛,2
夢虎,1
善知識,1
金剛界,1
死屍,6
戒師,22
九漏,1
實者,6
長跪,3
如空,1
二師,18
瓔珞,5
小便,37
道俗,36
道中,11
二往,3
說道,1
小乘,11
道一,2
善法,34
二心,7
道人,11
九流,2
通達,1
不空,2
隨一,12
罽膩吒王,1
密藏,1
道具,1
不斷,13
糞掃衣,9
差別,22
坐具,40
諸法實相,1
六度,1
十輪經,3
福德,10
天魔,3
我見,2
界內,76
小僧,1
惡念,1
夏臘,1
坊,25
長鉢,2
六念,6
無常,16
優波離,3
如是,251
道化,1
外護,2
取,520
界分,6
天食,1
性重戒,1
周那,1
二種羯磨,1
伽藍神,1
即離,1
法律經,1
內心,9
九瘡,1
齋法,3
如意,4
通論,1
門,219
提舍尼,11
天龍,6
即非,4
內庫,1
無始,5
九眾,1
道品,1
通覆,1
惡報,1
六塵,5
大菩薩,2
福報,3
六方禮,1
六大,2
大門,4
無學,7
行人,11
通行,4
隨意,35
無安,1
行乞,3
初禪,1
無實,1
舍衛城,1
行一,7
別受,4
取與,7
不淨,140
真諦,2
八師,1
我聞,2
如法,158
我者,3
坐夏,1
滅羯磨,1
道場,2
勝鬘經,1
船師,1
萬法,1
界如,1
師教,3
壞法,5
道士,1
大魚,1
界外,51
沙彌尼,24
天道,2
六味,1
犍稚,8
如,1690
六和,3
識外道,1
念戒,1
內凡,3
髮塔,1
長養,5
道安,4
善神,4
地持論,1
大願,2
真要,2
兜率天,2
罣礙,1
長食,1
無垢,1
妙,14
別報,1
體露,1
魚,8
無價,2
國王,11
福分,3
優波陀,1
我所心,7
惡口,5
依通,1
齋日,2
六受,2
如是作,3
盲,14
取著,3
現相,4
道德,2
瞻波,1
二三,34
二世,1
五位,2
二乘,9
說聽,1
死人衣,2
尊像,2
禮拜,31
六入,4
通肩,3
不惜身命,1
蟻,9
諷誦,1
六凡,1
共相,11
即,388
萬善,2
嚏,1
道意,3
不善,33
無求,3
波羅夷,57
心受,8
齋經,1
安隱,12
燒香,9
別教,1
結戒,22
二犯,11
多障,1
三身,4
藥食,3
身見,1
十行,1
六法,6
六波,1
念定,1
身行,8
道戒,1
二王,1
無漏,6
八支,1
得定,4
有主物,2
深行,1
八敬,3
順流,1
沙彌戒,9
僧若,4
無根,7
十身,1
道教,1
恭敬,40
五體,1
八戒,21
跋摩,3
野,26
罽賓,1
阿若,1
六欲,1
戒相,27
行籌,13
十輪,11
宗體,2
難思,1
趺坐,6
道服,1
戒疏,3
吒王,1
死相,1
二相,3
五食,2
二益,1
現世,3
俗流,1
道果,3
著,449
恒沙,1
惡業,15
無欲,4
萬劫,1
不動,11
燈籠,1
念念,2
福業,1
名,651
師子,13
二眾,33
內法,3
度,118
阿耨,1
序,19
血,12
作禮,15
禁戒,13
道業,12
尚闍梨,18
念僧,1
形像,13
福智,2
遮罪,3
五陰,1
號,22
明達,1
剃刀,7
二福,1
惱,79
聲聞僧,2
無方,7
身苦,1
義通,10
二礙,1
諂,7
惡果,1
女人,70
無明,4
戒禁,1
眾,820
八法,9
結業,1
八水,1
寶,208
小機,1
僧跋,3
世間,16
四等,5
達池,1
鉢多羅,2
六方,2
須菩提,1
七羯磨,2
然燈,7
無性,2
善來,4
師僧,12
作佛事,1
剋終,1
行用,3
無想,3
淨行者,1
十號,1
根門,1
引導,5
萬境,2
無愧,2
道水,1
善人,2
無愛,1
別業,1
死緣,1
內明,1
無慚,15
僧護,5
威神,1
重如,2
小法,4
八支齋,1
截頭,1
八正,5
證得,1
道法,7
譏嫌戒,3
五邪,2
戒經,4
無我,13
無戒,23
惡性,2
不害,2
深藏,1
優婆塞,24
五通,1
五逆,4
惡律儀,8
萬字,1
五道,1
舍婆提,1
二義,3
優婆夷,3
行相,5
佛出世,4
伽梨,41
幡,14
如實,5
師匠,2
五身,2
釋名,5
善友,2
二惡,3
現報,1
已生,1
等正覺,5
行業,3
擯出,5
內空,1
阿難,22
奴婢,13
一切處,1
五輪,1
一切世間,1
善利,2
二愚,1
無緣,29
初心,1
五轉,2
憍慢,7
根識,1
九僧,1
遮斷,1
空行,1
二戒,14
別相,9
小王,1
僧事,46
無上道,1
別眾,74
十業道,1
好照,1
惡緣,4
二持,6
唯,187
觸,164
明證,1
引接,3
五說,3
世論,4
可中,1
小界,29
無量壽,1
玄綱,1
憶念,14
世語,1
多聞,14
戒本,45
威怒,1
二斷,1
行法,34
無礙,2
善因,1
麈尾,1
道力,2
玄籍,1
思量,4
五識,1
風刀,1
摩那埵,32
二教,11
情有,1
樂,139
九品,3
齋主,1
臥,127
宗要,2
得戒沙彌,1
二明,95
十住論,2
結界,30
五衰,1
學戒,9
五衣,5
二時,7
五行,1
行滿,1
摩訶羅,3
遮惡,4
五見,2
二果,2
漉水囊,2
善哉,6
遊化,1
無心,32
應法沙彌,1
餓鬼,8
專精,1
遮性,3
愛憎,3
坐禪,23
多貪,4
難經,1
國土,6
二根,4
木叉,13
觀門,1
阿鼻,10
四種人,2
藥草,6
初地,1
六眾,2
無生,2
八不淨,6
欄楯,1
無畏,6
粟散,1
九孔,1
安心,2
無疑,7
念法,14
僧齋,2
部多,2
愛恚,2
行思,1
不信,19
安陀會,14
具足,57
內煮,12
二檀,2
喜見,3
現前,48
孔雀,2
五蓋,1
行捨,1
僧伽藍,13
解脫知見,1
無盡,8
無相,7
神變,1
施食,4
五藏,1
如來,64
謦咳,2
生,768
無知,37
福田,16
安詳,2
揣食,1
軟語,3
善心,21
五苦,1
六物,7
無為,5
昏俗,1
空處,7
行教,3
報得,1
五色,2
二求,1
愛敬,2
神足,3
八篇,1
直道,1
燈明,2
口業,8
深防,4
死海,2
欣,3
僧鬘,1
多論,111
愛染,3
二滅,1
無量劫,1
行果,2
界繫,1
長衣過限戒,1
戒海,1
大寶積經,1
明處,2
十門,7
現在,18
最後,5
戒法,35
撿挍,6
僧伽胝,1
五向,1
知,862
出期,6
淨心,8
涅槃,93
入眾,13
尸陀,1
三師,5
命根,3
三心,7
經法,6
丈夫,7
三從,2
受隨,9
命梵,22
大乘經,1
過度,1
邊地,6
百眾學,1
一根,1
聽眾,2
良福田,1
相,986
勝義,2
智藏,1
虛空,6
舍勒,1
一極,1
舍利,26
長鉢過限戒,1
形色,2
突吉羅,48
淨屋,6
生報,4
律懺,2
假名,5
聲處,1
攝食界,1
那律,1
一滅,1
仙人,4
百緣經,1
三寶,74
解脫道,5
三子,1
鉢支,3
周羅髮,1
三學,2
內外道,2
云云,15
淨妙,1
勝因,1
東流,3
三境,2
三塗,3
淨天,1
一法,27
三報,2
智者,10
出息,6
靜思,1
貝,6
禿,4
界,711
善生,31
三契,1
三多,4
勤行,3
三天,2
三大,6
聲論,6
招提,6
一成,2
三因,2
遊行,9
罪福無主,1
修多羅,1
經文,2
淨地,53
受齋,2
律海,1
有學,1
經教,2
淨土,2
文理,1
一持,2
律法,3
果人,1
擁護,1
丈六,3
曇無德,1
入室,1
波羅逸尼柯,1
突瑟几理多,1
給孤,1
阿耨達池,1
頌,2
付財,1
得脫,6
經架,1
三和,2
那先,1
貧道,1
因蘭,1
作善,5
三觀,1
三周,4
積聚,3
讚歎,20
三善,6
讚,54
獨秉,2
淨名,1
淨命,2
一明,11
鈔,36
一時,51
生死海,2
不淨施,3
有待,2
生死流,1
數人,5
過去,11
一會,1
三受,10
一期,6
三句,18
勤苦,1
入空,1
三千,30
維口食,1
三匝,3
淨剎,3
開解,7
喜受,1
掉,3
護淨經,1
資糧,1
智行,1
覆藏他重罪戒,1
藏教,1
盧舍,9
那含,2
形身,1
仁,1
四邪命,1
明了論,61
資緣,1
三光,1
六方禮經,1
雜含,18
有對,1
一日,60
經戒,1
命,151
三五,13
二種常住,1
淨信,1
三乘,11
轉,144
三世,21
斷善根,1
兩舌,7
淨人,159
五納衣,3
三修,2
究竟,13
一等,3
淨主,7
三佛,3
禮敬,8
尼衣,4
散,43
淫欲,7
出生,1
書,26
律相,1
槃那寐,1
藏,215
十二因緣,2
俱舍,3
果名,2
迦師,1
勝業,3
蓋,32
摩觸戒,2
世間法,1
父母恩,1
醉婆羅門,1
自然界,22
有緣,41
解脫門,2
葬法,2
善戒經,1
果分,1
轉輪,5
藏經,1
鉢盂,9
制門,3
鉢他,9
違順,1
乃至,379
空無我,2
文殊,1
開遮,2
受者,72
一緣,3
執著,1
獲,9
眾務,2
悔過,10
宗,43
入滅,4
度生,1
求寂,1
漏,42
人,2449
緣法,2
斷食,4
獨柯多,2
微,24
男根,5
眾僧,104
異人,1
自然外道,1
得通,6
得道,11
三藏教,1
觀佛三昧,1
非時漿,5
偷蘭遮,17
一燈,1
胸行,1
律禪,1
願,101
賢聖,10
有作,10
一盲,1
一相,4
一真,1
四天下,3
有事,6
有解,3
大乘戒,1
臨終,10
四月八日,2
廁,16
一界,14
受衣,24
選擇,4
三聚戒,2
賢,25
果報,19
頭陀,32
彌勒,6
多羅樹,1
虛妄,5
人身,11
人界,1
對法,9
斷惑,1
結夏,2
淨經,1
闇心,1
難,350
八萬四千,1
諸行,9
異相,2
有無,41
三緣,11
三經,1
殘果,1
有為,4
三結,1
優填,1
毫相,1
淨籌,1
一一,107
一中,4
計,37
一九,1
句,142
闡提,1
染衣,13
俱夜羅,2
有分別,1
三節,3
有相,5
一佛,5
佉陀食,1
三等,1
勝士,1
轉輪聖王,2
式叉尼,5
釋迦牟尼,1
展轉,41
邏,3
人見,12
慚,39
眼根,1
有界,6
酥,3
眾法,30
畢陵伽,3
未曾有,1
果相,2
三福,1
林葬,1
文字,2
分別智,3
攝論,4
佛,921
一字,5
三相,7
入心,1
綺語,5
無盡財,4
諸色,1
證,66
染著,3
無常想,1
輕觸,1
無倒,2
出世,13
有空,1
異緣,3
遍照,1
迦提,8
精神,1
不見舉,3
邊罪,11
解釋,3
四真諦,1
真諦三藏,1
男女,20
三界,9
悲,36
三田,1
入寺,21
歡喜丸,1
時衣,3
入定,7
解脫服,1
第三分,2
殺生,13
作犯,24
慢,54
舍羅,4
有結,1
十善戒,1
染色,4
讚佛,1
文句,6
說淨,82
斷滅,3
入塔,7
自恣五德,1
入堂,4
寂滅,3
迦種,1
憶,73
轉法輪日,2
七毘尼,1
木馬,1
不動地,1
千佛,1
數珠,1
一家,11
天人師,1
一寶,1
三法,25
敬順,1
化,54
利養,37
三治,1
經律,10
一塵,1
一境,1
偷蘭,108
一增,1
送葬,1
布施物,1
燈,25
樂著,4
三水,2
有愧,1
一夏,5
有想,8
一坐食,4
三淨,1
崇敬,1
緣覺,1
三千世界,1
度弟,3
翳,1
一如,9
善男子,9
作法,123
經師,1
一生補處,1
帝釋,3
能持,13
三檀,2
人鬼,2
間隔,1
心出家,1
伽,167
三毒,13
一形,2
南無佛,2
一往,5
三歸,16
迦羅,6
三止,1
一心,68
怨家,6
三欲,1
一念,13
一尋,8
齋時,1
四沙門,1
鉢囊,8
一山,2
作業,4
有教,7
鉢器,6
三根,10
支提,4
緣起,17
三業,9
喜樂,2
富羅,4
一切,357
報緣,2
過未,3
阿羅漢,8
眼目,1
止,276
豫修,1
三時,26
入佛,9
作法界,3
三明,38
群生,3
三昧,5
戒,1719
一化,7
三果,3
波利婆沙,4
伏,51
鉢多,2
相輪,1
三有,17
三會,1
一句,12
深心,3
淨方,1
淨施,44
調達,1
人間,11
一偈,8
子果,1
六念法,1
八功德水,1
攝受,4
藏六,3
緣者,20
摩摩帝,2
三自,12
三施,5
三於,3
石,94
三教,3
慈童女,1
能所,5
律師,19
四百四病,1
三拜,1
椎,16
七百結集,1
不可思議,1
偈,42
時食,22
三戒,9
有漏,3
出家,184
一因,1
作戒,12
一地,1
律儀,33
淨戒,13
儀軌,4
舌相,1
象,11
四攝事,1
一向,14
作意,10
三惡,11
一味,1
律宗,3
諸惡莫作,3
經卷,4
悔,196
對首心念法,1
覺者,4
喜捨,1
一品,10
尸,22
三性,8
有法,17
讀經,6
三懺,4
眾生,104
關,13
自然得,2
果頭,2
人道,1
衣界,31
分座,1
本初,1
離車,1
涅槃經,6
法類,1
越罪,2
金身,1
法食,7
心極,1
調伏,11
與欲,43
三解脫,3
欲取,2
佉,6
稱讚,1
疏,72
常念,2
論主,1
隨緣,12
戒和尚,6
楷定,1
心法,1
戒羯磨,11
未來世,1
後有,8
願心,1
當分,3
邪見,15
堅法,1
邪行,1
院,34
阿摩勒,1
五百羅漢,3
臘,12
舍利弗,16
浮囊,2
萬,40
衣珠,1
正食,8
善見論,2
功德衣,24
劫火,1
破僧,15
法成就,2
罪行,3
纏縛,1
修道,20
馬師,1
化迹,1
四依,7
止持作犯,1
信女,2
心想,1
華色,2
心性,1
如意寶,1
釋文,1
忉利,2
四事,13
誡勸,1
欲塵,1
聖賢,3
本寺,3
禪帶,1
四一,6
成實,4
四上,5
鈍根,7
四主,3
心慧,3
芥子,2
理事,2
光像,1
信鼓,1
心戒,2
前堂,1
心所,2
閻浮提,4
觀自身,1
苦受,1
他寶,2
義解,2
七日藥,29
常坐,5
奉事,1
大千世界,1
本師,4
分別,54
法門,1
離苦,3
道,562
信首,1
妄語,30
妄說,1
幡蓋,9
憍陳如,2
旛,3
妄言,3
食界,2
聖行,4
一行,5
本形,1
成就,53
妄見,2
靈廟,1
正道,4
魔事,1
欲心,8
心智,2
隨相,43
來世,3
聖語,1
瓶沙王,4
阿若憍陳如,1
聖言,7
施主,90
須臾,14
動,59
法集,2
修行,9
童子,3
定者,8
比丘,1159
金剛力,1
法要,1
四土,1
華鬘,4
濁惡世,1
檢校,3
惡知識,4
菴羅,1
法衣,7
法行,5
數,266
後安居,12
四衢道,1
法被,3
言依,2
橋梁,1
隨分果,1
煩惱,18
壇,21
高僧,4
俱有法,1
四問,1
生變,1
雜行,6
耳識,1
譯,7
華香,9
法語,7
隨機,6
四向,2
常住,24
食欲,1
四取,2
族姓子,1
四句,36
入涅槃,7
實相,4
正說,4
自攝,6
通會,1
像運,3
正語,1
浴室,9
辨體,3
生趣,1
梵福,3
心緣,6
法財,1
梵世天,1
籌,68
聖道,11
四分,472
生起,2
法輪,7
威儀師,4
正行,6
生身,6
後生,17
約法,5
少欲知足,6
諂曲,4
義門,1
參,18
頻婆娑羅,1
正解,5
法身,17
正觀,1
草木,32
正覺,5
一觸,4
正見,3
四心,10
四律,3
須陀,2
荼,1
器量,1
罪障,1
趣,53
善解一字,1
油,55
隨情,7
犛牛,2
當來,2
還生,1
衣法,28
單提,1
高士,1
食戒,16
三藏法師,1
功能,5
解脫道論,4
心,1120
堅牢,2
懺法,23
本二,1
識,182
高座,12
鈴,2
四定,1
四家,1
小妄語,2
末利夫人,1
法藏,2
信行,2
前修,1
心病,1
成佛,8
輪王,3
表示,1
喝,1
施,484
觀行,1
心相,12
食時,42
愚鈍,1
四大,7
衣樹,3
法處,6
四墮,1
四塔,1
浴像,1
心眼,1
水葬,1
摩觸,20
欲,486
能變,1
四果,2
教誡,22
納衣,10
毒樹,1
來應,5
四有,5
四月,26
食堂,2
非色,8
婦人,1
尼比丘,2
菴婆女,1
欲火,1
自調,1
諸通,1
四明,28
秉持,2
四方,51
四施,1
教行,5
四教,1
處中,2
四攝,3
首題,1
啞羊,1
厭離,6
不律儀,1
苦空,2
還俗,2
散地,1
鼓,9
衣囊,1
四摩,1
王舍,4
能行,5
放逸,13
禪人,2
欲界,4
尼師壇,12
本相,3
風,47
鸚鵡孝養,1
成相,1
四持,1
理懺,3
六相,1
相續心,2
波藥致,1
沙門,51
七聚,10
放鉢,1
來果,1
止持,31
唯色,1
四意,2
四惡,1
請僧,11
四悔,1
剎,11
食後,16
口,258
四梵行,1
珍寶,4
前生,4
教起,1
心作,7
四怨,1
敬愛,2
珊瑚,2
座頭,1
曉了,1
邪因外道,1
教興,2
沙,322
名體,1
文殊師利,1
色,201
鳴鐘,10
字等,1
題,12
僧,2773
決了,2
四海,1
音義,1
四聖種,3
四法,21
尸陀林,1
持世經,1
四波,6
黑月,4
廢前教,1
涅槃城,1
伏藏,7
華手經,2
七趣,1
隨分,2
龍,20
十誦律,1
涅槃僧,3
隨喜,7
教授師,10
福田衣,1
二吉羅,2
他緣,2
寺,201
後佛,1
七證,1
後五,3
智慧,12
影事,1
後世,8
秉法,9
忌,3
四樹,3
本生經,1
拘盧舍,9
草座,6
自比罵,1
默擯,3
四不成,1
衣寶,2
繫念,3
淨天眼,1
寺院,2
本經,1
哀愍,1
本緣,6
唯識,6
七覺,1
輪,42
四知,5
常沒,1
與奪,3
苦業,3
本成,1
道共戒,2
四真,1
敬禮,4
病苦,2
四眾,11
三世佛,4
塔廟,11
體相,3
四相,10
毒箭,1
毳衣,1
獨覺,1
名色,3
親友,9
欲想,1
勸化,7
四病,2
色身,2
增益,4
四界,3
本性,1
供養法,6
非道,6
四生,4
苦毒,1
嚴淨,3
濁惡,1
歷然,1
本懷,1
名聲,2
名聞,4
善生經,12
涅槃佛,1
三沙彌,3
來生,1
迷倒,1
苦海,4
院內道行雜作衣,1
本時,3
曇摩迦羅,1
破戒,77
本有,2
塔婆,1
名號,1
三善根,2
欲有,4
得戒,61
陰,13
常樂,1
欲染,1
等,929
土葬,1
止犯,18
護身,2
隨他,1
袈裟,45
心心,3
諦,22
心念,107
犯重,79
同體,1
釋子,7
請來,1
波羅蜜,1
金剛力士,1
婬,6
名譽,1
鸚鵡,2
懺主,8
苦惱,6
惡,379
四緣,45
非食,5
黑白,2
行,989
恩德,1
四維,5
四結,1
鬘,9
教道,1
後夜,11
散亂,2
破法,1
染,172
言教,2
印,5
後報,1
前業,1
迷心,1
四威儀,2
厥修羅,2
錫杖,5
光明,5
色聲,4
法佛,1
真淨,1
衣,1580
地水火風,3
名身,2
欲法,12
淨飯王,2
具足戒,16
四禪,1
苦果,1
過患,1
心器,1
心垢,1
塔像,8
堅固,2
心城,1
苦智,1
本淨,3
決定,14
灑水,1
不懺舉,1
心地,3
麟角,1
伊,2
念佛三昧,1
法夏,1
自歸,2
煩惱賊,1
翻譯,1
自殺,2
覆,290
七曜,1
婬怒癡,1
罪人,8
碑,1
三方便,3
七條衣,1
釋,48
正念,13
正心,2
生天,10
弟子,135
同法,20
道樹,1
四藥,20
非情,13
成道,5
非想,3
法家,1
佛世尊,2
法定,1
水大,1
法寶,2
粥,17
點淨,9
光顯,3
修學,2
苦空無我,1
右手,12
七支,6
愚夫,2
會,60
業障,1
四葬,1
和合僧,2
水塵,2
座,347
犯戒,27
見聞覺知,1
天,117
竭支,2
一揣食,1
摩迦,1
右旋,1
習,43
非時,85
上座部,1
法尼,5
名目,1
名相,4
四苦,1
結,445
理致,1
執,63
功德,92
飯僧,1
易往,1
正宗,3
稱佛,1
教法,10
法弟,1
法式,5
尼,624
知淨語,3
自淨,4
生得,6
法師,18
毀呰,3
法幢,1
四聖,3
法座,1
法度,1
默然,67
誦戒本,2
法典,1
儀式,14
生像,2
鉢,331
法全,1
法入,4
人非人,13
四辯,1
同教,1
功力,4
五精舍,1
正因,1
化作,3
索欲問和,10
父母,61
四輩,3
教授,49
四身,5
化人,1
色界,2
止持戒,1
法僧,49
非時食,11
正命,3
色相,2
地水火風空,2
四趣,1
信心,16
聖位,1
奉行,7
七治,1
法利,1
自性,4
日光,3
聖人,17
自恣,168
傳法,3
法力,2
津梁,1
論,589
毒蛇,3
觸毒,1
名義,4
阿闍世,1
掃地,7
四諍,3
法名,7
四諦,3
王法,7
法命,1
陀羅,2
理觀,1
水囊,2
幢,1
見聞疑,6
四說,6
信士,1
正受,7
修善,7
水器,7
比丘尼,41
索,72
闍世,1
四見,1
石蜜漿,1
歸戒,1
生因,3
作無作,4
說戒日,6
正像,1
當頭,2
七條,15
來迎,2
毒藥,3
法器,1
定心,3
四行,1
四親近,1
色法,2
牧牛,3
分身,1
正中,4
雁行,1
妄執,1
義利,1
戒取見,1
溫室,3
觝突,2
正使,3
耶,62
須彌,2
樞要,1
鹿野,1
七眾,11
四隨,6
苦行,5
能立,1
正信,1
七知,1
四門,6
佛法僧,26
大小二乘,3
和尚,170
亂心,4
十惡業,1
語等,5
息世譏嫌戒,2
苦言,2
願行,1
清淨人,3
能破,4
苦諦,1
亡五眾物,1
波斯匿,1
聖儀,1
言說,5
四上座,5
善見天,1
常見,1
聖僧,7
音聲,1
護法,19
毒龍,1
含識,1
四鉢,1
五部,1
苦輪,1
四量,3
四重,23
言行,2
適莫,1
能緣,1
心欲,3
居士,33
法位,2
法住,9
義味,3
分衛,2
眾生見,1
聖印,1
邪婬,1
聞法,7
樹根,4
教網,9
四道,2
罪報,4
福田經,1
法事,47
生佛,1
西,46
罪垢,1
鐵鉢,4
妄心,1
彈指頃,1
名欲,2
邪命,8
道緣,4
縵衣,3
聖尊,1
五過,17
破羯磨僧,2
處,1037
義存,1
黑闇,3
自然,58
聖心,1
自煮,15
央掘經,2
本行,2
牛,53
歸真,1
色有,5
同相,1
慧,50
苦,125
本身,1
露,133
佛性論,1
僧竭支,1
四魔,1
六群比丘,2
頻婆,1
華嚴,10
自知,8
跋,10
恩愛,1
稱名,5
金剛,5
學處,8
難思議,1
自相,3
破見,4
和僧,24
本質,1
義少,1
畫水,2
二罪,23
厭欣,1
四食,6
虛空界,1
右繞,2
塚,18
愚法,1
羅越,1
化樂天,1
僧界,13
心行,9
聖教,20
食頃,1
柯羅,2
法輪僧,1
輪轉,2
名利,4
兄弟,8
蓮,5
髑髏,1
隨順,27
願度,1
功德海,1
聖果,5
練若,12
化教,4
名僧,12
色心,4
釋迦,6
功德水,1
訶,129
胡跪,3
弓,10
義意,4
珠,10
歸依,25
聖智,1
能依,1
教令,12
涅槃頭,1
法網,2
教一,2
尸迦羅越,1
生經,13
離欲,3
尼薩耆波逸提,1
法義,4
罪業,4
衣鉢,96
水精,2
請賓頭盧法,1
石鉢,1
妄想,1
罪根,2
元心,1
修羅,4
破戒五過,1
出家功德經,2
受,1739
填王,1
法然,1
勸請,1
華手,2
七七,1
勸誡,1
像法,3
闍梨,54
正直,1
名字,27
拜,39
王舍城,2
後說,11
七佛,1
滅,167
聖法,15
憍奢耶,5
隨逐,3
次第乞食,2
夢,13
阿闍梨,19
檀,76
邪林,1
法爾,1
定答,1
正當,1
花,6
中天竺,1
無相福田衣,1
和敬,1
無礙解,1
臘次,2
法用,8
愚惑,2
非人,45
肉眼,7
法界,27
五分法身,3
沙彌,220
限分,3
後身,1
生疎,3
修生,1
生生,1
天魔外道,1
妄語戒,2
色入,1
法眾,5
悟,16
偏袒右肩,9
偏袒,15
水界,5
三歸五戒,3
妄業,5
世,257
功用,4
舉,197
罪性,2
衣體,3
法相,15
鐘,21
接待,1
定性,1
眷屬,11
發意,1
信施,20
金翅,2
定慧,12
金剛淨剎,1
定意,1
迦羅越,1
五體投地,1
焰,5
觀佛三昧經,1
無欲仙人,1
方等經,1
譏嫌,4
定戒,2
正法,64
化生,4
十三難,15
法樂,3
虎,10
信明,1
和南,3
錫,6
苦空無常無我,1
七善,2
生死,22
善來比丘,2
生法,4
神,54
能忍,6
法流,2
壇戒,1
蘭若,45
長壽法,1
非器,3
三百四十八戒,1
愛樂,1
誓,7
九入,2
罪福,8
生滅,4
同學,6
水淨,3
斷畜生命,1
七僧,4
隨轉,4
義理,2
泥洹經,1
四方僧物,6
義疏,1
寺中,18
寺主,4
水波,1
散華,12
梨耶,1
法滅,12
聖網,1
法慳,1
食肉,8
妄習,1
義立,4
傳心,1
能化,1
抖擻,12
寂,7
夏安居,10
法應,12
法布施,1
法性,1
釋門,1
修慧,1
像經,2
心量,1
同味,2
標幟,1
四天王,1
和眾,3
自力,4
法想,1
教化,11
正果,2
緣事,14
妄緣,2
三世諸佛,2
橋,6
四分律,6
命難,4
正教,10
離生,2
三解脫門,2
劫貝,3
摩迦羅,1
法教,5
阿鼻地獄,1
法施,4
大叫喚地獄,1
他化自在天,1
自在天,1
非得,1
三藐三佛陀,1
覆鉢,2
闍維,2
七寶,5
增上,4
法本,2
法服,3
法有,24
即是,30
寫經,4
二十五條,2
四分宗,1
同分,3
信樂,7
正意,1
七大,4
策修,3
道理,3
演說,1
生有,1
聖種,7
句偈,1
獵師,4
染法,3
精進,8
染污,6
經,420
利樂,2
舍那,2
拘睒彌國,1
染淨,3
四比丘,4
聖,177
悟入,1
獼猴,4
輕慢,6
由旬,20
相看,1
無想定,1
金藏,1
群迷,1
重,714
二攝,1
偷盜,2
梯隥,3
立教,2
利根,4
遮戒,4
打鐘,3
目連,9
人法,22
句句,1
大,1002
僧錄,1
繩床,6
寶雲經,1
曇摩迦,1
香水,7
不退菩薩,1
左,41
時,940
集諦,1
大慈悲,1
人樹,2
受別,2
瞿沙,1
業相,6
半座,1
機教,1
懺除,2
諸法,8
袈裟變白,1
禪,63
受具,72
毘奈耶,3
賓頭盧,3
瞋,42
乘戒,3
泥犁,2
住地,1
讀誦,11
三難,18
大悲經,1
五百問事,2
智人,5
三階,1
相續,24
人有,12
眾苦,1
依止阿闍梨,2
斷見,1
疑心,7
寂靜,4
賢善,3
惡取空,2
初夜,14
有餘,22
五分律,1
報命,1
三門,3
搩手,23
立法,13
時漿,6
三千界,1
四波羅夷,2
緣相,3
四維口食,1
一識外道,1
求車,2
相空,2
果證,1
中安居,9
業體,2
五觀,4
擇時,1
羯磨,409
聞思修,1
戒本疏,13
諸有,5
竺,6
攝持,5
三部,2
增長,10
欽婆羅,1
入聖,1
右膝著地,6
酪,12
迦葉,12
三道,5
三過,4
念佛,9
三通,3
緣理,1
我我所,1
本心,9
顯示,3
瞿曇,1
住僧,8
齋,26
淨道,1
軌儀,1
念,252
聽聞,1
存生,1
大莊嚴論,1
阿毘曇,4
存略,3
大哉解脫服,1
三轉,1
有色,1
三羯磨,10
五大色,13
賢人,1
執事,2
精舍,8
求那,2
機要,1
龍牙,1
毘曇,8
染習,1
時眾,2
泥曰,1
無量壽佛,1
三請,9
龍畜,1
三語,4
智力,2
相承,2
相應法,1
像末,3
淨語,10
三識,2
付法藏,1
得度,8
曇無,1
人空,1
慈心,17
老僧,1
發心,16
襪,3
淨觀,3
三行,5
三衣,142
諸緣,11
臥具,60
相應,24
雁,3
破夏,21
諸受,1
淨衣,7
愛惜,3
舍樓伽,2
權,4
泥洹,16
壞色衣,2
有識,4
了論,66
緣成,43
七證師,1
開度,1
人相,12
智德,1
西尼,1
一搩手半,1
舍衛,1
畢陵,3
脫皮淨,3
佛法壽命,1
制多,2
得入,21
人生,6
二業,4
戒定慧,3
三藏,16
那耶,1
法性空,1
法綱,1
無義語,1
精識,1
諸相,6
迎接,1
退沒,2
三色,5
三舉,9
作舉,1
境界,7
法緣,3
有身,5
老宿,3
一道,5
利益,16
三能,2
覺悟,1
雙林,2
三聚,4
三聖,1
異說,1
開士,1
作者,32
中價衣,1
啟白,3
有財,1
單白,30
淨聖,1
律藏,7
不淨觀,3
十過,1
制戒,6
一識,4
譬喻,1
家家,2
義,285
牟尼,1
軌持,1
謗法,1
怨賊,4
禿居士,1
智斷,1
三千威儀,14
百一供身,6
六界,1
勤求,3
寄附,2
六畜,1
判,43
諸仙,2
遺法,1
垢,26
彌陀,1
一身,6
輕安,1
相分,1
緣心,1
魔,13
相即,3
經行,17
僧伽婆尸沙,4
愧,39
利他,2
塔,170
酒兩,1
相傳,6
貪瞋,5
制教,5
入,609
十二頭陀,8
脅,1
經論,13
出聖,2
開悟,1
三善道,1
亡者,12
兩界,3
入道,5
靈異,1
被,112
鉢袋,1
緣務,1
經藏,1
倒懸,1
總別,4
一色,3
住持,14
尸羅,7
命者,2
慈悲,11
相待,3
未來,17
接足作禮,1
毘尼,130
饒益,3
灑,15
付法,2
一肘,9
疑惑,1
教相,4
因明,4
二法,23
臥法,1
疑悔,5
相對,14
心神,1
月,220
開法,3
三十二相,1
尼犍,1
因果,10
定,230
從僧,27
婆羅門,4
滿荼,1
漏戒,2
八事隨身,1
名字沙彌,1
得果,1
如意寶珠,1
紹隆,2
裙,4
沙門果,4
式叉,17
遺教,3
慳,16
經者,7
三發心,1
六十二見,1
偷婆,2
出要,16
律,771
不修外道,1
相好,1
闇鈍,1
但三衣,1
句義,1
覺他,1
無為無欲,1
一體,2
常住物,1
轉法輪,5
因緣,71
非時藥,3
人師,2
出離,8
三千佛,1
心空,1
受日,41
方便力,1
聽教,3
諸塵,1
攝心,6
一食,10
解界法,2
改悔,6
慈童,1
公,1
染心,17
人尊,1
諸天,15
篇聚,9
死,229
人定,1
人寶,1
七種衣,2
一麥,2
受持,83
調度,4
勝行,4
旃陀羅,2
受戒,131
時分,10
扶疏,1
人天,6
受想行識,1
縛,19
入眾五法,1
通,432
疑結,1
闇誦,3
受想,1
出道,7
立像,1
賊住,10
天龍八部,1
法論,1
文證,17
生死際,1
呵責,11
大沙門,3
畜生,43
無色天,1
銅鉢,4
讚頭,1
正體,1
漏盡,2
四重禁,1
部行,1
風大,1
人因,3
雜碎衣,1
睡眠,19
相似,11
大界外相,5
一遍,2
因相,1
由延,1
橫死,1
勝處,2
袍,1
受法,39
兩業,2
尼戒,5
恨,11
百一羯磨,1
障,90
受歲,6
半果,1
臨齋,1
受欲,14
一門,3
犢子,1
勝者,1
一面,4
出體,3
新歲,1
叫喚,1
師,374
攝取,5
執持,3
忉利天,2
在家出家,3
